[
    {
        "typeName": "Mutation",
        "fieldName": "createBook",
        "dataSourceName": "BookTable",
        "requestMappingTemplate": "{managed-by-awsmobile-cli}:Mutation.createBook.request",
        "responseMappingTemplate": "{managed-by-awsmobile-cli}:Mutation.createBook.response"
    },
    {
        "typeName": "Mutation",
        "fieldName": "updateBook",
        "dataSourceName": "BookTable",
        "requestMappingTemplate": "{managed-by-awsmobile-cli}:Mutation.updateBook.request",
        "responseMappingTemplate": "{managed-by-awsmobile-cli}:Mutation.updateBook.response"
    },
    {
        "typeName": "Mutation",
        "fieldName": "deleteBook",
        "dataSourceName": "BookTable",
        "requestMappingTemplate": "{managed-by-awsmobile-cli}:Mutation.deleteBook.request",
        "responseMappingTemplate": "{managed-by-awsmobile-cli}:Mutation.deleteBook.response"
    },
    {
        "typeName": "Query",
        "fieldName": "getBook",
        "dataSourceName": "BookTable",
        "requestMappingTemplate": "{managed-by-awsmobile-cli}:Query.getBook.request",
        "responseMappingTemplate": "{managed-by-awsmobile-cli}:Query.getBook.response"
    },
    {
        "typeName": "Query",
        "fieldName": "listBooks",
        "dataSourceName": "BookTable",
        "requestMappingTemplate": "{managed-by-awsmobile-cli}:Query.listBooks.request",
        "responseMappingTemplate": "{managed-by-awsmobile-cli}:Query.listBooks.response"
    },
    {
        "typeName": "Query",
        "fieldName": "getAllBooks",
        "dataSourceName": "BookTable",
        "requestMappingTemplate": "{managed-by-awsmobile-cli}:Query.getAllBooks.request",
        "responseMappingTemplate": "{managed-by-awsmobile-cli}:Query.getAllBooks.response"
    },
    {
        "typeName": "Query",
        "fieldName": "getBooksByGender",
        "dataSourceName": "BookTable",
        "requestMappingTemplate": "{managed-by-awsmobile-cli}:Query.getBooksByGender.request",
        "responseMappingTemplate": "{managed-by-awsmobile-cli}:Query.getBooksByGender.response"
    }

]